<?xml version="1.0" encoding="utf-8"?>
<extension type="module" version="3.0" position="status" method="upgrade">
	<name>Add scripts</name>
	<author>@Javi_Mata</author>
	<creationDate>September 2014</creationDate>
	<copyright>Copyright (C) 2014 - All rights reserved.</copyright>
	<license>http://www.gnu.org/licenses/gpl-2.0.html GNU/GPL</license>
	<authorEmail>javimata@gmail.com</authorEmail>
	<authorUrl>www.javimata.com</authorUrl>
	<version>1.0.1</version>
	<description><![CDATA[Add scripts]]></description>

	<files>
		<filename module="mod_scripts">mod_scripts.php</filename>
	</files>

	<config>
		<fields name="params">
			<fieldset name="basic">

				<field name="scriptcode" type="textarea" filter="raw" default="" label="Script code" />

			</fieldset>
		</fields>

	</config>
</extension>